resource_type,type,public_id,version
image,authenticated,memolink/d2jxmyfnhjn7haapz4jr,
image,authenticated,memolink/mpmroirzcl9jemqlpixd,
image,authenticated,memolink/ly1xaxu4ugktmwk9ngft,
image,authenticated,memolink/svac6kirtbaojeomrml0,
image,authenticated,memolink/cjtwh61aexgdhxurck1q,
image,authenticated,memolink/lbwmpv1c6fjco2jflqvt,
image,authenticated,memolink/jh4wnqgkpxtijdgjbvz7,
image,authenticated,memolink/fsc2h7woa3kuboixi0je,
image,authenticated,memolink/woyxcnxypb5vu28yhy1j,
image,authenticated,memolink/wz0nzym4sq2s7qvvzlhg,
image,authenticated,memolink/pih2mh2ftexzqh9jmjdz,
video,authenticated,memolink/gitokdcdndzjqinx7kpb,
image,authenticated,memolink/qonbfsfhkyx5aflbydmg,
image,authenticated,memolink/owzkt9z6x1ejeriov837,
image,authenticated,memolink/eziyohmnqlu5gpnfipno,
image,authenticated,memolink/zrlqizi9higjj6wjg59t,
image,authenticated,memolink/jlk7igret7jwvbhtgidc,
image,authenticated,memolink/lbf3ewwfbcjtct9vvzki,
image,authenticated,memolink/hl9rbej2v4d0e0up8sqg,
image,authenticated,memolink/s1fmqvnu38vw4bph8ju3,
image,authenticated,memolink/vezb3z4wuytnrrzb7xsv,
image,authenticated,memolink/lvvgjdpiui6t643i2k4l,
image,authenticated,memolink/pkuz0jvqawewothzhvxu,
image,authenticated,memolink/cx4zmuwdi1patkhzeffy,
image,authenticated,memolink/jutoysr9gmdmmhjay7te,
image,authenticated,memolink/vuysdsfupivbyaf26kgz,
image,authenticated,memolink/v10ogdqmdxvmw2hhqb9p,
image,authenticated,memolink/pic6zuu6l161l8zzd9go,
image,authenticated,memolink/ewevppspp7kbniuseh54,
image,authenticated,memolink/aegrtrtfx9sn7a6uy8au,
image,authenticated,memolink/lcywprloytnhobzyposf,
image,authenticated,memolink/o3g3a95gdagra8tkyrrh,
image,authenticated,memolink/uqqx6gjpp2bugixmnpki,
image,authenticated,memolink/vk8fpfedpoau0sdnwapa,
image,authenticated,memolink/zkdmvefyi09ftluhqorf,
image,authenticated,memolink/c1knaaqwsdubyy9ybyxd,
image,authenticated,memolink/zjk1q8ckp2rvwueuwoq2,
image,authenticated,memolink/etvgjfmfktl6eeixccp3,
image,authenticated,memolink/n9enp6mgzviahr7huqnk,
image,authenticated,memolink/mnjmfw9f4y3qdchfd77d,
image,authenticated,memolink/y1najtt05w6zwatguzsh,
image,authenticated,memolink/rzesedjoybbrtjxynuw9,
image,authenticated,memolink/fajqb4jag7dtekrcz6dg,
image,authenticated,memolink/vs97zdgndkknedosljcw,
image,authenticated,memolink/yxugluls2hk2fhqcvbv8,
image,authenticated,memolink/dmp41end6kiimmacdczk,
image,authenticated,memolink/n8fokvkw10d6yph5cokj,
image,authenticated,memolink/pulddy5s27rntnpfmgtg,
image,authenticated,memolink/zamntueza6iqkmsb84bb,
image,authenticated,memolink/emwx7ndmq9yi4rofmyzd,
image,authenticated,memolink/ywxvf5x0ewqbauymtfzy,
image,authenticated,memolink/su6rwe3wgnyoibdokmcc,
image,authenticated,memolink/ic0r0bhoar6d5rheozqb,
image,authenticated,memolink/jtruvbcpl2tcd2bpqytb,
image,authenticated,memolink/xpknq5xd5kzjgaelfjad,
image,authenticated,memolink/l2h3snqrv7549chuq51f,
image,authenticated,memolink/umfxztrjnls2eozqhhx7,
image,authenticated,memolink/toqyfprshhwhfg6gyayw,
image,authenticated,memolink/lrknfe575a6luppvkbhl,
image,authenticated,memolink/xvj49ewdegoh8sekscd3,
image,authenticated,memolink/yk0sh1km1k6lbzoxtymr,
