public_id,format,resource_type,type
memolink/d2jxmyfnhjn7haapz4jr,jpg,image,upload
memolink/mpmroirzcl9jemqlpixd,jpg,image,upload
memolink/ly1xaxu4ugktmwk9ngft,jpg,image,upload
memolink/svac6kirtbaojeomrml0,jpg,image,upload
memolink/cjtwh61aexgdhxurck1q,jpg,image,upload
memolink/lbwmpv1c6fjco2jflqvt,jpg,image,upload
memolink/jh4wnqgkpxtijdgjbvz7,jpg,image,upload
memolink/fsc2h7woa3kuboixi0je,jpg,image,upload
memolink/woyxcnxypb5vu28yhy1j,jpg,image,upload
memolink/wz0nzym4sq2s7qvvzlhg,jpg,image,upload
memolink/pih2mh2ftexzqh9jmjdz,jpg,image,upload
memolink/gitokdcdndzjqinx7kpb,mp4,video,upload
memolink/qonbfsfhkyx5aflbydmg,jpg,image,upload
memolink/owzkt9z6x1ejeriov837,jpg,image,upload
memolink/eziyohmnqlu5gpnfipno,jpg,image,upload
memolink/zrlqizi9higjj6wjg59t,jpg,image,upload
memolink/jlk7igret7jwvbhtgidc,jpg,image,upload
memolink/lbf3ewwfbcjtct9vvzki,jpg,image,upload
memolink/hl9rbej2v4d0e0up8sqg,jpg,image,upload
memolink/s1fmqvnu38vw4bph8ju3,jpg,image,upload
memolink/vezb3z4wuytnrrzb7xsv,jpg,image,upload
memolink/lvvgjdpiui6t643i2k4l,jpg,image,upload
memolink/pkuz0jvqawewothzhvxu,jpg,image,upload
memolink/cx4zmuwdi1patkhzeffy,jpg,image,upload
memolink/jutoysr9gmdmmhjay7te,jpg,image,upload
memolink/vuysdsfupivbyaf26kgz,jpg,image,upload
memolink/v10ogdqmdxvmw2hhqb9p,jpg,image,upload
memolink/pic6zuu6l161l8zzd9go,png,image,upload
memolink/ewevppspp7kbniuseh54,pdf,image,upload
memolink/aegrtrtfx9sn7a6uy8au,png,image,upload
memolink/lcywprloytnhobzyposf,png,image,upload
memolink/o3g3a95gdagra8tkyrrh,png,image,upload
memolink/uqqx6gjpp2bugixmnpki,png,image,upload
memolink/vk8fpfedpoau0sdnwapa,png,image,upload
memolink/zkdmvefyi09ftluhqorf,png,image,upload
memolink/c1knaaqwsdubyy9ybyxd,png,image,upload
memolink/zjk1q8ckp2rvwueuwoq2,png,image,upload
memolink/etvgjfmfktl6eeixccp3,txt,image,upload
memolink/n9enp6mgzviahr7huqnk,png,image,upload
memolink/mnjmfw9f4y3qdchfd77d,png,image,upload
memolink/y1najtt05w6zwatguzsh,pdf,image,upload
memolink/rzesedjoybbrtjxynuw9,pdf,image,upload
memolink/fajqb4jag7dtekrcz6dg,pdf,image,upload
memolink/vs97zdgndkknedosljcw,pdf,image,upload
memolink/yxugluls2hk2fhqcvbv8,pdf,image,upload
memolink/dmp41end6kiimmacdczk,pdf,image,upload
memolink/n8fokvkw10d6yph5cokj,png,image,upload
memolink/pulddy5s27rntnpfmgtg,png,image,upload
memolink/zamntueza6iqkmsb84bb,png,image,upload
memolink/emwx7ndmq9yi4rofmyzd,pdf,image,upload
memolink/ywxvf5x0ewqbauymtfzy,pdf,image,upload
memolink/su6rwe3wgnyoibdokmcc,docx,image,upload
memolink/ic0r0bhoar6d5rheozqb,docx,image,upload
memolink/jtruvbcpl2tcd2bpqytb,pdf,image,upload
memolink/xpknq5xd5kzjgaelfjad,docx,image,upload
memolink/l2h3snqrv7549chuq51f,xlsx,image,upload
memolink/umfxztrjnls2eozqhhx7,xlsx,image,upload
memolink/toqyfprshhwhfg6gyayw,jpeg,image,upload
memolink/lrknfe575a6luppvkbhl,txt,image,upload
memolink/xvj49ewdegoh8sekscd3,webm,image,upload
memolink/yk0sh1km1k6lbzoxtymr,jpg,image,upload
